ITERATION;avg. Average Leg distance;avg. Average Trip distance
0;4727.3002856268195;10375.302507577047
1;6123.627770307713;10992.825706637283
2;6123.857182156115;10993.242712899397
